of,40
services,2
business,40
requirements,23
document,17
project,8
-,3
version,2
3.2,3
revision,2
date,2
2019,3
description,4
1,2
introduction,3
5,5
1.1,3
overview,3
1.2,2
references,3
1.3,2
glossary,2
terms,2
2,2
summary,7
6,6
2.1,2
goals,3
and,29
objectives,3
2.2,2
problem,2
statement,2
2.3,2
2.4,2
scope,3
2.5,2
stakeholders,4
2.6,2
functionality,2
7,5
2.7,2
constraints,2
2.8,2
assumptions,3
dependencies,3
2.9,2
planning,2
for,14
future,4
phases,2
or,11
releases,2
3,2
process,3
flow,3
charting,2
diagrams,11
3.1,2
as,8
is,18
to,24
be,21
4,2
traceability,6
matrix,8
10,6
5,2
appendices,2
a.,2
input,5
(brim),2
template,3
b.,2
(rtm),2
c.,2
sample,2
brd,15
d.,2
reference,6
[the,4
the,76
should,8
provide,9
an,9
brd.,2
this,12
a,14
pages],2
lot,3
5-Jan,3
it,7
contractors,2
in,11
â,6
appendix,4
brim,4
can,2
used,3
"requirements,",4
generated,3
from,5
tfs,4
populated,2
with,3
into,2
loaded,2
additional,2
information,3
by,8
use,4
test,2
cases,4
example,8
(appendix,2
c),3
[this,7
subsection,7
should:,2
a),2
b),2
specify,2
brd;,2
list,3
all,2
(if,2
which,2
may,4
provided,3
required,2
more,2
other,2
section,3
will,6
not,3
[describe,4
specific,3
are,3
that,4
project.],2
essential,2
processes,2
"processes,",2
must,2
support,3
dpw/bis,2
product,2
associated,2
operations,2
sections,2
document.,3
any,2
system,2
using,2
these,2
systems,2
[insert,2
scanning,2
invoice,2
processing,2
rtm,2
out,2
throughout,2
software,2
attached,3
